Manf,Model
Accurate,No 11FS
Accurate,No 2
Accurate,No 5
Accurate,No 7
Accurate,No 9
Accurate,1680
Accurate,2015
Accurate,2200
Accurate,2460
Accurate,2230
Accurate,2495
Accurate,2520
Accurate,2700
Accurate,4064
Accurate,4100
Accurate,4350
Accurate,5744
Accurate,LT-30
Accurate,LT-32
Accurate,Mag Pro
Accurate,Nitro 100
Accurate,Solo 1000
Accurate,TCM
Winchester,231
Winchester,244
Winchester,296
Winchester,572
Winchester,748
Winchester,760
Winchester,Autocomp
Winchester,StaBall 6.5
Winchester,WSF
Winchester,Super-Handicap
Winchester,Super-Target
Alliant,1200R
Alliant,20/28 Shotshell
Alliant,2400
Alliant,410
Alliant,American Select
Alliant,AR-Comp
Alliant,BE-86
Alliant,Blue Dot
Alliant,Clay Dot
Alliant,Bullseye
Alliant,E3
Alliant,Extra-Lite
Alliant,Green Dot
Alliant,Herco
Alliant,Power Pistol
Alliant,Power Pro 2000MR
Alliant,Power Pro 300MP
Alliant,Power Pro 4000MR
Alliant,Power Pro Varmint
Alliant,Pro Reach
Alliant,Promo 8
Alliant,Red Dot
Alliant,Reloader 10X
Alliant,Reloader 15
Alliant,Reloader 16
Alliant,Reloader 17
Alliant,Reloader 19
Alliant,Reloader 22
Alliant,Reloader 25
Alliant,Reloader 23
Alliant,Reloader 26
Alliant,Reloader 33
Alliant,Reloader 50
Alliant,Reloader 7
Alliant,Sport Pistol
Alliant,Steel
Alliant,Unique
Hodgdon,700X
Hodgdon,800X
Hodgdon,Benchmark
Hodgdon,BL-C(2)
Hodgdon,CFE Blk
Hodgdon,CFE Pistol
Hodgdon,CFE223
Hodgdon,Clays
Hodgdon,H1000
Hodgdon,H110
Hodgdon,H322
Hodgdon,H380
Hodgdon,H335
Hodgdon,H414
Hodgdon,H4198
Hodgdon,H4350
Hodgdon,H4831
Hodgdon,H4831SC
Hodgdon,H4895
Hodgdon,H50BMG
Hodgdon,HP38
Hodgdon,Hybrid 100V
Hodgdon,HS-6
Hodgdon,International Clays
Hodgdon,LeverEvolution
Hodgdon,Lil'Gun
Hodgdon,Longshot
Hodgdon,Retumbo
Hodgdon,Superformance
Hodgdon,Titegroup
Hodgdon,Titewad
Hodgdon,Trail Boss
Hodgdon,Universal Clays
Hodgdon,US 869
Hodgdon,Varget
IMR,3031
IMR,4064
IMR,4166
IMR,4198
IMR,4227
IMR,4320
IMR,4350
IMR,4451
IMR,4831
IMR,4895
IMR,4955
IMR,7828
IMR,7828 SSC
IMR,7977
IMR,8133
IMR,8208 XBR
IMR,Blue
IMR,Green
IMR,Red
IMR,Target
Nobel Sport,Vectan 206V
Nobel Sport,Vectan 3000
Nobel Sport,Vectan 5000
Nobel Sport,Vectan 7000
Nobel Sport,Vectan 8000
Nobel Sport,Vectan A0
Nobel Sport,Vectan Ba-6.5
Nobel Sport,Vectan Ba-9.5
Nobel Sport,Vectan Ba9
Nobel Sport,Vectan A1
Nobel Sport,Vectan Ba-7.5
Nobel Sport,Vectan Ba10
Norma,Mrp
Norma,Urp
Norma,200
Norma,201
Norma,202
Norma,203-B
Norma,204
Norma,217
Ramshot,Big Game
Ramshot,Competition
Ramshot,Enforcer
Ramshot,Hunter
Ramshot,Lrt
Ramshot,Magnum
Ramshot,Silhouette
Ramshot,Tac
Ramshot,True Blue
Ramshot,X-Terminator
Ramshot,Zip
Shooters World,Auto Pistol
Shooters World,Blackout
Shooters World,Buffalo Rifle
Shooters World,Clean Shot
Shooters World,Heavy Pistol
Shooters World,Long Rifle
Shooters World,Major Pistol
Shooters World,Match Rifle
Shooters World,Socom
Shooters World,SW 4350
Shooters World,Tactical Rifle
Shooters World,Ultimate Pistol
Vihtavuori,20N29 
Vihtavuori,24N41 
Vihtavuori,3N37
Vihtavuori,3N38
Vihtavuori,N105 
Vihtavuori,N110
Vihtavuori,N120
Vihtavuori,N130
Vihtavuori,N133
Vihtavuori,N135
Vihtavuori,N140
Vihtavuori,N150
Vihtavuori,N160
Vihtavuori,N165
Vihtavuori,N170 
Vihtavuori,N310
Vihtavuori,N320
Vihtavuori,N32C 
Vihtavuori,N330
Vihtavuori,N340
Vihtavuori,N350
Vihtavuori,N530 
Vihtavuori,N540
Vihtavuori,N550 
Vihtavuori,N560 
Vihtavuori,N565
Vihtavuori,N570
